Model,RMSE,R²,MAE,Explained Variance
gbr,0.0020928974567963245,0.9997593784025816,0.00039905305319115934,0.9997594267049028
rf,0.004213700288854102,0.9990246376461821,0.0009909022199858489,0.9990247240621605
xgb,0.0088696331175223,0.9956783457628021,0.002395869265591357,0.9956783516213893
lr,0.11649149687769018,0.25453517351427846,0.08057444420248462,0.2546953057515229
